chrX:123214-123254	chrX:10528-181991	TGAGATTGAGAGAGAGAGAGAGAGAGAGAGAGAGAGAGAGA	42.02	5361	5361	1.0	6.0	464.10267938544797	0.0	1.0
chrX:15770-15810	chrX:10528-181991	ATTTTGTAATCAACTGAAAGAAGGCAGAAGGAGTCGATGGG	42.5	1320	1320	1.0	2.2311135982092893	54.97735864208301	0.0	1.0
chrX:16437-16477	chrX:10528-181991	AAGAAACTATGTTGTTTAAAATGCCAGCGGAAAGTCCATGG	42.25	1320	1320	1.0	2.2311135982092893	54.958681250163615	0.0	1.0
chrX:16328-16367	chrX:10528-181991	GAGCGTTGGGTGGGAACGTGGCACGAGAGAGAGAAATTAT	46.97	1247	1247	1.0	2.1630292855810485	54.9999139342269	0.0	1.0
chrX:13564-13600	chrX:10528-181991	TTGTCTGTCTTGAGAATAGCATTCAACGCGACTGTGT	42.6	1120	1120	1.0	2.0445812348442454	55.94027183979869	0.0	1.0
chrX:14225-14260	chrX:10528-181991	GGACCGCTTTCTGGTTTGTCAGGAAGGCAGGCTAGT	46.74	1064	1064	1.0	1.9923521731020333	55.99951587955974	0.0	1.0
chrX:15515-15550	chrX:10528-181991	GAGGATGCATCCTTTGCAGGACCCGGTCTGGTACAG	46.65	1064	1064	1.0	1.9923521731020333	55.99451234573744	0.0	1.0
chrX:15442-15477	chrX:10528-181991	CGTGCCTCTCCTCCAGTGGGTCCCTCAGGTAGAATC	46.96	1064	1064	1.0	1.9923521731020333	55.99940789024805	0.0	1.0
chrX:16518-16553	chrX:10528-181991	GGCGTAGTGTCTTCCCACTGTTTTGTCTGTCTTGAG	43.0	1064	1064	1.0	1.9923521731020333	55.96460256305892	0.0	1.0
chrX:15574-15609	chrX:10528-181991	GGCTTTCTGGCTTCTCCGAGGGTGTTCAGGAGTCTC	46.37	1064	1064	1.0	1.9923521731020333	55.9991568962794	0.0	1.0
chrX:13668-13703	chrX:10528-181991	TCACAGAATATGTTTGGGCAGGAAGATCGGAACACT	42.34	1064	1064	1.0	1.9923521731020333	55.94298777748357	0.0	1.0
chrX:13632-13667	chrX:10528-181991	CCTTGAGTGCCGGACGAGGTCAACATAGGCTTTCCG	46.87	1064	1064	1.0	1.9923521731020333	55.998931925900905	0.0	1.0
chrX:13744-13779	chrX:10528-181991	GTCGTCAGGGAAATGCCCGCCTCTGTGTGTGTTGTA	46.87	1064	1064	1.0	1.9923521731020333	55.99987583367146	0.0	1.0
chrX:13805-13840	chrX:10528-181991	GGAGAGTTGGACGTAGGCCAGGTGTGAGGAGGAGAG	46.84	1064	1064	1.0	1.9923521731020333	55.99929649876986	0.0	1.0
chrX:13946-13981	chrX:10528-181991	CGGTCCCGCTATTCCGGAATTGTGGGTTCACCTGAA	46.74	1064	1064	1.0	1.9923521731020333	55.99908237904378	0.0	1.0
chrX:14107-14142	chrX:10528-181991	CTGGGATCCTAGTGTGTGCCCAGTCTCCTTCTCGTC	45.77	1064	1064	1.0	1.9923521731020333	55.99890487863931	0.0	1.0
chrX:14147-14182	chrX:10528-181991	CGGGTTCCACCATCCTCCCATCCTAACGCATCGTTA	46.19	1064	1064	1.0	1.9923521731020333	55.99837329461588	0.0	1.0
chrX:15089-15124	chrX:10528-181991	CCGCCTTGTTGAGACTTGCCACCCTGTCTTGTTGTG	46.41	1062	1062	1.0	1.9904868494683827	55.99889125698209	0.0	1.0
chrX:15648-15683	chrX:10528-181991	GGCACCGCTTCGCTCAATTCAGGAGTGGAGAAGGAA	46.82	1060	1060	1.0	1.9886215258347324	55.999233263089394	0.0	1.0
chrX:15684-15719	chrX:10528-181991	GCTAGAGGACCCTCTGGAGGTGGCAGGTTTAATGTC	44.85	1055	1055	1.0	1.9839582167506065	55.99709778520073	0.0	1.0
chrX:15847-15882	chrX:10528-181991	GGCAGAAAAGGTCCAGAGGGTTCATGGTCCTCCGTT	46.55	1055	1055	1.0	1.9839582167506065	55.987878589175196	0.0	1.0
chrX:15250-15285	chrX:10528-181991	CACCGACCGATGAGTTCGGTGGCAAAGCTTGAGAAA	45.9	1047	1047	1.0	1.9764969222160045	55.97080055776344	0.0	1.0
chrX:16203-16238	chrX:10528-181991	CAGTTGCAGCTCTTACCGTTTTGAAGGCGCACGTGG	46.82	1045	1045	1.0	1.974631598582354	54.99974635321771	0.0	1.0
chrX:15811-15846	chrX:10528-181991	CCTCTTAGGCCGGAAACCTTACAAGCATAGGACCAA	43.62	1045	1045	1.0	1.974631598582354	54.988646183994454	0.0	1.0
chrX:16482-16517	chrX:10528-181991	GAAAGAGTCCGGCAATGGCCAGGGAGTTAGCAGCTT	46.99	1045	1045	1.0	1.974631598582354	54.999952745367885	0.0	1.0
chrX:16167-16202	chrX:10528-181991	CGCCTCTCAGCCTATCTGCACCATGTCTCACACGTT	46.44	1045	1045	1.0	1.974631598582354	54.99883968392717	0.0	1.0
chrX:16099-16134	chrX:10528-181991	GGTGTTACTCGTGGTGGTAGAAGTGGAGGGCGTGTC	46.35	1045	1045	1.0	1.974631598582354	54.99981784200506	0.0	1.0
chrX:14415-14450	chrX:10528-181991	GGCAGGTGGGCATTTCTGGAGCAATACTGCCATCAA	46.2	1042	1042	1.0	1.9718336131318783	55.99695162940496	0.0	1.0
chrX:15939-15974	chrX:10528-181991	GTGCGCTGAGGCACTGTCACGCAAAGAGACATTCAC	46.51	1029	1029	1.0	1.9597090095131504	54.9966334306188	0.0	1.0
chrX:16280-16315	chrX:10528-181991	GACAGAGAGAGCAGGAGAGGAAGTGGGCCCCAGTAG	46.81	1027	1027	1.0	1.9578436858795	54.99993755930936	0.0	1.0
chrX:16015-16050	chrX:10528-181991	CGTGCCCAAGAGGAACGGGATGACATTCAACTGGGA	46.75	1027	1027	1.0	1.9578436858795	55.17019770745797	0.0	1.0
chrX:16239-16274	chrX:10528-181991	GCAAGAAGTCCTGGGCAGCACAAGAAAGTCAATCAC	43.91	949	949	1.0	1.8850960641671328	54.90219777637042	0.0	1.0
chrX:179555-179590	chrX:10528-181991	AATCGCGCAAAGTAGAAGTGGGCGAGAGAGTGTTGG	45.61	166	166	1.0	1.1548218615929864	26.87289124846604	0.0	1.0
chrX:13432-13472	chrX:10528-181991	GAGAGAGAGAGAAAGAGAGACAGAGAAAGAAGAAACGGTGC	42.64	79	79	1.0	1.0736802835291923	102.73754349985654	0.0	1.0
chrX:180560-180600	chrX:10528-181991	TGTTAGGTAACAGGGTAGGTATGTTAGGTAACAGGGTAGGT	42.53	33	33	1.0	1.0307778399552323	1.4513870241506823	0.0	1.0
chrX:12688-12728	chrX:10528-181991	AACACAATTACATTGGTTATTTCTAGAGGGCAGTGCTCAGT	42.11	24	24	1.0	1.0223838836038053	0.9991237105629189	0.0	1.0
chrX:12765-12805	chrX:10528-181991	ACTGATACTGAGGCAAAAGTTTGGCTTTCTTTTCTCTTCCC	42.75	24	24	1.0	1.0223838836038053	0.9977136401128207	0.0	1.0
chrX:12809-12849	chrX:10528-181991	TCTGATTCTTTCCTCCTTTCTTGATAGGGAGTCTTCCTCTG	42.1	24	24	1.0	1.0223838836038053	0.9991714740420479	0.0	1.0
chrX:12137-12177	chrX:10528-181991	CATTTCCATATATGCACTTAACAACGTGGAAAGACAAGCCC	42.12	24	24	1.0	1.0223838836038053	0.9994345200959017	0.0	1.0
chrX:10803-10843	chrX:10528-181991	ACGTCAGGCATACAGATGATACAAACTTATAACATCGCCTG	42.06	24	24	1.0	1.0223838836038053	0.9988095047951052	0.0	1.0
chrX:10906-10946	chrX:10528-181991	TTTTCATTTTCTCGATACATCAGTCTCCTTTGCCCTCTTGC	42.61	24	24	1.0	1.0223838836038053	0.999767634982696	0.0	1.0
chrX:10546-10586	chrX:10528-181991	TTTCAAAAGAAAATATCAATCAGAGGACTGGTCAGGCAGGG	42.43	24	24	1.0	1.0223838836038053	0.9989984718233204	0.0	1.0
chrX:10948-10988	chrX:10528-181991	AGCGAAGACCTTACTCAAAGGAAACAAATGGGACAAATAGG	42.49	24	24	1.0	1.0223838836038053	0.9980925221656163	0.0	1.0
chrX:13252-13292	chrX:10528-181991	TGTTCTTATTAATCCATGTCCCCTTTAAAGGCACATGTGGG	42.53	24	24	1.0	1.0223838836038053	0.9989214914513885	0.0	1.0
chrX:13473-13513	chrX:10528-181991	TGTAGAAAACAACAATGGAAAGTCCATGGAGGTCAAAGAGT	42.18	24	24	1.0	1.0223838836038053	0.9966232255498582	0.0	1.0
chrX:180517-180557	chrX:10528-181991	TTTTGAGTATGGCTTCTGGCCCCTCTCTGTATATTCATACT	42.24	24	24	1.0	1.0223838836038053	0.9998239619946615	0.0	1.0
chrX:181213-181253	chrX:10528-181991	CATTGAGAGTTTACTTCAGTTTGGGAAAATTCCAGGGTTGC	42.23	24	24	1.0	1.0223838836038053	0.9986080391567997	0.0	1.0
chrX:179514-179554	chrX:10528-181991	AGTCTAGGAAACCCTATGACGTTGAGACAGAATAAGACAGG	42.14	24	24	1.0	1.0223838836038053	0.9980246106687382	0.0	1.0
chrX:180979-181019	chrX:10528-181991	AAGAGGAGAGAGAATTTCCTGATTATTGGGTACTGCACTGA	42.27	24	24	1.0	1.0223838836038053	0.9996574873672862	0.0	1.0
chrX:180324-180364	chrX:10528-181991	TTATATTTCCCACTGAGAGCATGACAGAAAGGGATACCAGT	42.34	24	24	1.0	1.0223838836038053	0.9996513775002093	0.0	1.0
chrX:180258-180298	chrX:10528-181991	ACCCAAAAGTGTGCTCAGGAATAGATCAATACAGCTATTCG	42.11	24	24	1.0	1.0223838836038053	0.9975400110198185	0.0	1.0
chrX:180124-180164	chrX:10528-181991	TGGCCTGGATCTATGAGTACAGGAAAGTGTCAATAATTCCA	42.46	24	24	1.0	1.0223838836038053	0.9988294640109112	0.0	1.0
chrX:180047-180087	chrX:10528-181991	TAATTCCTGCTATCCCTCAATCAGGTATCATTCCCTTTCCT	42.21	24	24	1.0	1.0223838836038053	0.9997704590137722	0.0	1.0
chrX:179967-180007	chrX:10528-181991	TCTACCTAACGAAACTTGAGACAAATGGAGGAGAGCAAAGG	42.93	24	24	1.0	1.0223838836038053	0.9998478160899955	0.0	1.0
chrX:179827-179867	chrX:10528-181991	TCCCTAGCTATGTTGATTGGATCATAGTGTCCAATATGGCG	42.79	24	24	1.0	1.0223838836038053	0.9980694644216352	0.0	1.0
chrX:11291-11330	chrX:10528-181991	CTTTCCTTTATTTGCCTTTCCTTTCCTTGACACAGGACAC	42.13	23	23	1.0	1.02145122178698	0.9997518903865339	0.0	1.0
chrX:179708-179747	chrX:10528-181991	TTTTGATATGACTTGTATGCCTAATCGATCCCCTGGGAGT	42.61	23	23	1.0	1.02145122178698	0.9997567413779272	0.0	1.0
chrX:179161-179199	chrX:10528-181991	CACCTGAATACAGCTAGATATTGAGCCAGGTGGATACGT	42.71	22	22	1.0	1.0205185599701547	0.9994220602908199	0.0	1.0
chrX:180008-180046	chrX:10528-181991	CATAATTATCCCAGTCTTTTCTCCTGATGTGACCCCTGC	42.37	22	22	1.0	1.0205185599701547	0.9997980197478136	0.0	1.0
chrX:179049-179087	chrX:10528-181991	TTTTAAATGTACTGAAGCAAGGCAGAAGGATTCGGTGGG	42.96	22	22	1.0	1.0205185599701547	0.9998479346502417	0.0	1.0
chrX:13293-13331	chrX:10528-181991	CAAGAAGAACCAGACAGTCCAAGAAACCCAATCATGTTG	42.03	22	22	1.0	1.0205185599701547	0.9998382089014809	0.0	1.0
chrX:10989-11027	chrX:10528-181991	TACTCCTCAGCAATTAGCTAAGACAAGAGGTTTCCCACC	42.94	22	22	1.0	1.0205185599701547	0.9976129688834893	0.0	1.0
chrX:181537-181575	chrX:10528-181991	AAAACACAGGGTAGGAAGCAGCAGTTTTCATCTAGTAGG	42.21	22	22	1.0	1.0205185599701547	0.9997112984050718	0.0	1.0
chrX:180165-180203	chrX:10528-181991	GGATAAGAGTAAAATCCAGGTACTTGGCCCATCTCAAGC	42.35	22	22	1.0	1.0205185599701547	0.9992707595529309	0.0	1.0
chrX:179245-179282	chrX:10528-181991	CATTCACCTTCCACTTCAATGCACATTTAAGCGTGACC	42.69	21	21	1.0	1.0195858981533297	0.9997816615830959	0.0	1.0
chrX:181020-181057	chrX:10528-181991	GACAAGAAATGGTAACCCAGGTGCATTGCATTTCAAGT	42.51	21	21	1.0	1.0195858981533297	0.9994310922212236	0.0	1.0
chrX:181169-181205	chrX:10528-181991	GTTGTGTAGGACATCATCCTGAAGAGTCGAGAGACCT	42.55	20	20	1.0	1.0186532363365044	0.9942901211783726	0.0	1.0
chrX:181860-181896	chrX:10528-181991	CAGGGAGGGGCACAGTGGGGAAGATGAGGAATGACTA	46.82	20	20	1.0	1.0186532363365044	0.9999988611886699	0.0	1.0
chrX:181734-181770	chrX:10528-181991	GCAGAGACAACAGAAAAGAGCTATGTGTCAGTGAGCA	42.65	20	20	1.0	1.0186532363365044	0.9984587004373529	0.0	1.0
chrX:180821-180857	chrX:10528-181991	TTAGTGCAGAAACAAGGTTAGGGGAAGAGAGGGATCC	43.07	20	20	1.0	1.0186532363365044	0.9998931279178599	0.0	1.0
chrX:12926-12962	chrX:10528-181991	ACACATCCTCCAAAGTAGCTGTTATTACAAGTGCGCA	42.61	20	20	1.0	1.0186532363365044	0.9988709054038599	0.0	1.0
chrX:181434-181470	chrX:10528-181991	TCTGGATGCTGCCTTGGAGCTTGGCAAATATAAAATC	42.14	20	20	1.0	1.0186532363365044	0.9997725681337999	0.0	1.0
chrX:13060-13095	chrX:10528-181991	TGGCCTAGAACTGCCGAGCTCAAAGAATCCACCTAC	44.91	19	19	1.0	1.0177205745196791	0.9999614360436909	0.0	1.0
chrX:181933-181968	chrX:10528-181991	TCTGAGTCGCAGCTCCCTGAGTACAGGTGGAGAAGG	46.66	19	19	1.0	1.0177205745196791	0.9999754685223761	0.0	1.0
chrX:11879-11914	chrX:10528-181991	AGGCGGGAGAATCACTTGAGACCAGGAGTTCGAGTC	45.73	19	19	1.0	1.0177205745196791	0.9999521918049015	0.015500854353697	0.9847350358420452
chrX:13332-13367	chrX:10528-181991	AGACATGGAGAGCAGAAAAGGAAGCGAGCCCGGAAG	46.56	19	19	1.0	1.0177205745196791	0.9999988497350041	0.0	1.0
chrX:13191-13226	chrX:10528-181991	AAAACCCAATTCCCGTAACAGCTTTCCCAACGTTGA	43.51	19	19	1.0	1.0177205745196791	0.9999606606182498	0.0	1.0
chrX:13132-13167	chrX:10528-181991	CTGGCCCCGGCCTTATTTCCAAAATGAAATAACTCA	42.2	19	19	1.0	1.0177205745196791	0.998756685778402	0.0	1.0
chrX:13096-13131	chrX:10528-181991	CGTGACGTCCCAAAGTTGTGGAATTGCAGTGCTTCA	45.13	19	19	1.0	1.0177205745196791	0.9998886928909392	0.0	1.0
chrX:12854-12889	chrX:10528-181991	CCAGGCTGGAATGCTGTGGCACCTTCAAGACTCACT	46.94	19	19	1.0	1.0177205745196791	0.999966781589332	0.0	1.0
chrX:13024-13059	chrX:10528-181991	TTTTGCAGAGATGGGGTTCCGCCATATTGCTCACGC	46.32	19	19	1.0	1.0177205745196791	0.9999575126738648	0.0	1.0
chrX:12890-12925	chrX:10528-181991	ACAGCCTCAACTTTCTGGCCTCCAGCAATCCTCCAA	46.62	19	19	1.0	1.0177205745196791	0.9999740051709949	0.0	1.0
chrX:11255-11290	chrX:10528-181991	GCGTGGCCTCAATCAGGTAGGTCTCCTTCCCCTTTT	46.44	19	19	1.0	1.0177205745196791	0.999991523844373	0.0	1.0
chrX:179472-179507	chrX:10528-181991	GTTGCCTCTGGTACCTGCCTACGTCGGCAGGAATTC	46.79	19	19	1.0	1.0177205745196791	0.9999755674053138	0.0	1.0
chrX:10757-10792	chrX:10528-181991	GGAAGACGCCTCTCACCTGGGGAGGGAACAATTGAA	46.39	19	19	1.0	1.0177205745196791	0.9999890177296443	0.0	1.0
chrX:12411-12446	chrX:10528-181991	GAGGTTGCAGCGAGCTGATAACCTGCCAATGCACTC	46.35	19	19	1.0	1.0177205745196791	0.9999940370095753	0.0	1.0
chrX:11743-11778	chrX:10528-181991	GCCCACAGGCAGGGCTCCCCGTAATGTAAAACTGTA	46.71	19	19	1.0	1.0177205745196791	0.9999751365598076	0.0	1.0
chrX:179627-179662	chrX:10528-181991	AGAGGGAGCAGAAACCATGTGGTTGATATCCCAAAG	42.62	19	19	1.0	1.0177205745196791	0.9991749107903016	0.0	1.0
chrX:179930-179965	chrX:10528-181991	AAAATAACAAGCAAGGCGTGCTTCACAGCCACTTCA	43.91	19	19	1.0	1.0177205745196791	0.9998942090401163	0.0	1.0
chrX:179088-179123	chrX:10528-181991	CCTCTTAGGCCTGAGACGTTAAAAGCACAGGACCAA	43.77	19	19	1.0	1.0177205745196791	0.9998676260937797	0.0	1.0
chrX:11675-11710	chrX:10528-181991	CATGGCTGAGGAGGTGTGCGCTCTCGTTCGGTTTAG	46.93	19	19	1.0	1.0177205745196791	0.9999995824640898	0.0	1.0
chrX:179209-179244	chrX:10528-181991	CTCTCCCGTGTGCAGAGACACTGCCATGCAAAGAGA	46.6	19	19	1.0	1.0177205745196791	0.9999781302819116	0.0	1.0
chrX:179284-179319	chrX:10528-181991	CGGTCCGCTGTGACGAAGAGGTACGGGATGACATTC	46.45	19	19	1.0	1.0177205745196791	24.022278679626325	0.0	1.0
chrX:179324-179359	chrX:10528-181991	GAGTGTTGCCTGATCTTGGCTTGGGGCATCTCGGAA	46.98	19	19	1.0	1.0177205745196791	0.9999975145381381	0.0	1.0
chrX:179360-179395	chrX:10528-181991	GTTGGCTTCTGGGTGGTGTTGGTGGTCGTCGTAGAA	46.7	19	19	1.0	1.0177205745196791	0.9999987618878045	0.0	1.0
chrX:179396-179431	chrX:10528-181991	GCGGAGGGTGTGATCGGATTCTTGCGTAGTTCTCTT	45.08	19	19	1.0	1.0177205745196791	0.999958354720067	0.0	1.0
chrX:179432-179467	chrX:10528-181991	GCTGCCTCTCAGCTCATCTGCTCTATGTCTCACGCG	46.51	19	19	1.0	1.0177205745196791	0.9998909516399753	0.0	1.0
chrX:179868-179903	chrX:10528-181991	AAGAAGATTATGTCGGGTGCTAGGCCCAGGCAGTTA	44.6	19	19	1.0	1.0177205745196791	0.999995857286266	0.0	1.0
chrX:11542-11577	chrX:10528-181991	AGGGAGGTCCTTCTAGTAGAGCCTTTCTGGCCTTCC	45.25	19	19	1.0	1.0177205745196791	0.9996293901592141	0.0	1.0
chrX:11506-11541	chrX:10528-181991	TTTTGCCGCTGCCTAAGTTTTAGTTCTGGCAAGTGT	43.62	19	19	1.0	1.0177205745196791	0.9998959943161356	0.0	1.0
chrX:179591-179626	chrX:10528-181991	GTCCGAATGTGGCAAGAGAGGGAGCGATAGAGTGTG	45.09	19	19	1.0	1.0177205745196791	0.9999804207716094	0.0	1.0
chrX:179663-179698	chrX:10528-181991	AAAGTCGTGCGGGCTAAGGAGTCTGTAAATGGCGAG	45.36	19	19	1.0	1.0177205745196791	0.9999959713249816	0.0	1.0
chrX:13372-13407	chrX:10528-181991	GGGTGAGAGGGCGTTGGACCTCAATGTCGAGAGAGA	46.97	19	19	1.0	1.0177205745196791	0.9999649545256468	0.0	1.0
chrX:12326-12361	chrX:10528-181991	AAAATAGCTGGGTGTAGTGGCGGGTGCCTCTAATCC	45.22	19	19	1.0	1.0177205745196791	0.9999938978092454	0.0	1.0
chrX:11195-11230	chrX:10528-181991	CTACCCCATATCTGAGGTGCGACTGCGGGACGTAGA	46.67	19	19	1.0	1.0177205745196791	0.9999912394968788	0.0	1.0
chrX:12179-12214	chrX:10528-181991	CAAAATTTTCAGGGACTTGCCTGGGCGAGGTGGCTC	46.64	19	19	1.0	1.0177205745196791	0.9999942845612191	0.0	1.0
chrX:181326-181361	chrX:10528-181991	GTATGTTCTGTGGGTTCAGCTGTCCTATGGTGATGG	42.66	19	19	1.0	1.0177205745196791	0.99977383321832	0.0	1.0
chrX:180601-180636	chrX:10528-181991	ATGGAACACTCAGAGAATTCTGGAGGTGGACATGGG	43.5	19	19	1.0	1.0177205745196791	0.9987313818481957	0.0	1.0
chrX:181290-181325	chrX:10528-181991	TCTCTTGGGGACATTTGGATTCACACTCATGGTGTT	42.53	19	19	1.0	1.0177205745196791	0.9986152624931965	0.0	1.0
chrX:181771-181806	chrX:10528-181991	TGCGCCTGGTTCTTGGCAAGGCACACTTGCTTAATG	46.84	19	19	1.0	1.0177205745196791	0.9999906573772506	0.0	1.0
chrX:180453-180488	chrX:10528-181991	GGAAAGGTCTGGCAGGCCAGAGTGGTTGGCATTACT	46.9	19	19	1.0	1.0177205745196791	0.9999897943437955	0.0	1.0
chrX:180401-180436	chrX:10528-181991	AAGGTCTTGGACTGGTTTTGGGACTCCCTTTGGATT	43.86	19	19	1.0	1.0177205745196791	0.9999300461720049	0.0	1.0
chrX:180365-180400	chrX:10528-181991	TCACCCCGAGAACCCAAGCAGAGTAAATCCCACTTC	44.95	19	19	1.0	1.0177205745196791	0.999992383343182	0.0	1.0
chrX:11028-11063	chrX:10528-181991	CAACTTTCCCAAAGCTGCCTCTCTCCGCCCCTTCTT	46.99	19	19	1.0	1.0177205745196791	0.999999361398566	0.0	1.0
chrX:180749-180784	chrX:10528-181991	CTTGTTGGCCGCCATGTTTGGAAACTGGGAGCTGAA	46.61	19	19	1.0	1.0177205745196791	0.9999963152515781	0.0	1.0
chrX:181362-181397	chrX:10528-181991	CCCACGCCAAAGGAGCACACTCAAACTACTAATCTC	42.98	19	19	1.0	1.0177205745196791	0.9997537284544482	0.0	1.0
chrX:11107-11142	chrX:10528-181991	GAGCCGGCTCTAGGAAGACCGGATTCCTCTCCCTTC	46.96	19	19	1.0	1.0177205745196791	0.99999633419656	0.0	1.0
chrX:181897-181932	chrX:10528-181991	AATGAAACACTGGTCAATTTGGCAGGGACTCCTGAC	43.27	19	19	1.0	1.0177205745196791	0.9994223195254164	0.0	1.0
chrX:11151-11186	chrX:10528-181991	GGATTCTTTCAGCCCTCACCTCCCAGGAATGGGGAG	46.45	19	19	1.0	1.0177205745196791	0.9999050609064385	0.0	1.0
chrX:180088-180123	chrX:10528-181991	AAGCCTTTAAGGTAGGTCAGACTGCTGAACTGGGCT	44.68	19	19	1.0	1.0177205745196791	0.9998390153520913	0.0	1.0
chrX:181133-181168	chrX:10528-181991	TCTCCCTAGGGCACAGGGTACCCACTGGTTGTTGAT	46.85	19	19	1.0	1.0177205745196791	0.9999671797671611	0.0	1.0
chrX:180637-180672	chrX:10528-181991	CACCTGAGTGGGTGCCTTCAGAGTTGGTGTGAAAGC	46.02	19	19	1.0	1.0177205745196791	0.9999492289398413	0.0	1.0
chrX:180785-180820	chrX:10528-181991	GCTACTGCAGGGCATTGAGACTATGGATCTTTGCTC	43.0	19	19	1.0	1.0177205745196791	0.9995557465332772	0.0	1.0
chrX:181590-181625	chrX:10528-181991	AAAAGGAATGAAGGTCTGGGCTTTGAGATGTCCTCC	42.74	19	19	1.0	1.0177205745196791	0.9997553214486645	0.0	1.0
chrX:12016-12051	chrX:10528-181991	GATTGCTTGTGCCCAGGACTTTGCCACTGCAGTGAA	46.57	19	19	1.0	1.0177205745196791	0.9999924244677616	0.0	1.0
chrX:12447-12482	chrX:10528-181991	CAGCCCTGGTGACAGAGTGAGATTCCGTCTCAAACA	44.94	19	19	1.0	1.0177205745196791	0.9998235645184684	0.0	1.0
chrX:179748-179783	chrX:10528-181991	TTGAACATCTCCTTCGGCAAGTGGACAGGGATACAA	43.54	19	19	1.0	1.0177205745196791	0.9998024607501819	0.0	1.0
chrX:181097-181132	chrX:10528-181991	GGTCAAGGGTGCCACAGGATGCCATTCTGTCAGTCT	46.7	19	19	1.0	1.0177205745196791	0.9999539180631786	0.0	1.0
chrX:181058-181093	chrX:10528-181991	ATTGTCTGGTTTCCTCTTGCTCCCCTCAAAGAAAGG	42.85	19	19	1.0	1.0177205745196791	0.9997908920216536	0.0	1.0
chrX:181254-181289	chrX:10528-181991	CCTGTTCCCTGATCTCTAGGGGCATGACCTGGTTTG	45.09	19	19	1.0	1.0177205745196791	0.9999496266352844	0.0	1.0
chrX:181626-181661	chrX:10528-181991	TTGGTCTTTGGGAAAGTGCAGACCAGGGAACACAAA	44.46	19	19	1.0	1.0177205745196791	0.9999245977872071	0.0	1.0
chrX:181662-181697	chrX:10528-181991	CCAAGGAAGGCAGAAGCTGGCAAATGACATGACCCA	46.13	19	19	1.0	1.0177205745196791	0.9999751761580383	0.0	1.0
chrX:180930-180965	chrX:10528-181991	AATAACGGGGCGGTGGTAGTGGCCACATTATCAGGC	46.91	19	19	1.0	1.0177205745196791	0.9999975774069896	0.0	1.0
chrX:181698-181733	chrX:10528-181991	TCCTACAGGTTTTCCAGAAATCACCCCTAGGGAGAG	42.73	19	19	1.0	1.0177205745196791	0.9980239078829372	0.0	1.0
chrX:180894-180929	chrX:10528-181991	AACTAATGTCTCATCTGGAGGACCCAGGCCTAGCCA	45.31	19	19	1.0	1.0177205745196791	0.9998853759764371	0.0	1.0
chrX:181398-181433	chrX:10528-181991	ACAGCCTTGGGCTAGGGACTGATCAGATCTTCTAGG	44.01	19	19	1.0	1.0177205745196791	0.9985398334957047	0.0	1.0
chrX:180858-180893	chrX:10528-181991	TTGCCCTGGAGGTCTTGGGGCTATGTAAAACCTGAG	45.1	19	19	1.0	1.0177205745196791	0.9999335051060401	0.0	1.0
